size_metres,offset_metres,geometric_iou,old_cell_iou,new_exact_iou
200,0,1.00000,1.00000,1.00000
200,1,0.99005,1.00000,1.00000
200,2,0.98020,1.00000,1.00000
200,5,0.95122,1.00000,1.00000
200,10,0.90476,0.36000,0.90926
200,20,0.81818,0.34921,0.82639
200,50,0.60000,0.25362,0.61598
400,0,1.00000,1.00000,1.00000
400,1,0.99501,1.00000,1.00000
400,2,0.99005,1.00000,1.00000
400,5,0.97531,0.63500,0.97604
400,10,0.95122,0.42279,0.95257
400,20,0.90476,0.42125,0.90735
400,50,0.77778,0.31399,0.78304
1000,0,1.00000,1.00000,1.00000
1000,1,0.99800,1.00000,1.00000
1000,2,0.99601,1.00000,1.00000
1000,5,0.99005,0.99742,0.99992
1000,10,0.98020,0.52123,0.98062
1000,20,0.96078,0.62264,0.96153
1000,50,0.90476,0.34161,0.90656
2000,0,1.00000,1.00000,1.00000
2000,1,0.99900,1.00000,1.00000
2000,2,0.99800,1.00000,1.00000
2000,5,0.99501,1.00000,1.00000
2000,10,0.99005,0.39100,0.99018
2000,20,0.98020,0.39100,0.98047
2000,50,0.95122,0.33695,0.95190
